ID,Commune,Friche,Proprio,Surf_parc,Surf_bati,Comment,X_lon,Y_lat,Pollution
08008_01,Amagne,Friche ferroviaire SNCF,Privé,97000,0,"Friche ferroviaire à cheval sur les communes de Lucquy et d’Amagne
Les terrains agricoles qui la jouxtent appartiennent au Conseil Départemental des Ardennes qui a eu le projet de les fusionner avec la friche pour créer une Zone d’Activités. Ce projet a été abandonné.","4,4842217","49,5245729",Inexistante
08022_01,Arreux,Ferronerie Doudoux,Privé,1002,495,Bâtiments désaffectés proches du cœur de village appartenant à une personne physique privée.,"4,6517391","49,8258731",Inexistante
08025_01,Attigny,Sucrerie Beghin Say – Guerletub,Privé,39591,10100,"Le site, après la cessation d’activité de Beghin Say en décembre 1996, aurait été scindé en deux pour y accueillir Guerletub et Champagne Céréales.
Les établissements Guerlet installés à Attigny depuis les années 50, devenus Guerletub, fabriquent du matériel et équipements tubulaires agricoles pour les étables. L’activité de cette entreprise est transférée sur ce site en 1998.
Le 28 janvier 2016, Guerletub est en liquidation judiciaire.","4,5716325","49,4795147",Avérée
08034_01,Autrecourt-et-Pourron,Fabrique de parpaings du Parc d’Artillerie,Copropriété / Indivision,4587,202,"Il ne reste que la dalle et deux pans de mur en ruine ainsi que deux petits bâtiments en ruine également et un blockhaus sur ce site où reprend la végétation.
Peu de renseignement quant à l’historique de cette ancienne usine le long de la RD 27.","5,0426543","49,6144409",Ne sait pas
08035_01,Autruche,Les Tourbières de la Bar - Dumona,Privé,24619,2958,"L’extraction de la tourbe débute en 1835 pour les forges de Champigneulle. 1973, les terrains sont achetés pour y réaliser un complexe touristique mais c'est une exploitation industrielle de la tourbe qui est réalisée. Cela assèche le marais et la richesse biologique décline. 1992, Pouget-Solami renouvelle l’exploitation pour 28 ans, l’arrêté crée une zone de protection écologique de 20 ha. 2000, Dumona reprend l’exploitation à son compte. À partir de 2010, l’extraction diminue et, en 2016, la société est liquidée. Les bâtiments, en vente, devaient être détruits à l’issu de l’exploitation. Site en zone Natura 2000, englobé dans une ZNIEFF type I.","4,8967764","49,4406074",Inexistante
08067_01,Blagny,Entreprise Usinor,Mixte public et privé,82885,35000,"Site et bâtiments très vastes, reliés à un embranchement ferroviaire. Les Forges de Blagny débutent en 1822 et ne cesse de s’agrandir. Le site, alors propriété d’Usinor, est fermé en 1979. Les bâtiments qui subsistent sont du XXe siècle. La cheminée de l’unité de production à la vapeur a été détruite en 2008.
Les parcelles les plus importantes (AB 67 et AB 89) qui supportent le bâti appartiennent à une personne morale la SCI « Les Forges » soit 66589 m² du site. Les autres parcelles (AB 71 à AB 81) sont propriétés de la CCI 08.","5,1937934","49,6158511",Avérée
08072_01,Bosseval-et-Briancourt,La Claire (labo rech. Pharma. Animale),Privé,4275,3340,"Présence d’activités de forge attestée depuis le XVIe siècle mais les bâtiments en place seraient du XIXe siècle.
À contrôler. Bâtiments difficilement visibles, occupation du site difficilement déterminable.
Les grandes parcelles boisées qui jouxtent ce site appartiennent au même propriétaire, elles n’ont pas été comprises dans la superficie de la friche.","4,8879583","49,752753",Ne sait pas
08081_02,Bogny-sur-Meuse,Boulonnerie Vaucher,Public (Commune de Bogny-sur-Meuse),2893,0,"Les bâtiments ont été rasés. Le terrain nu, apparemment non pollué, se situe en agglomération.
La date de cessation d’activité indiquée est incertaine.","4,759903","49,8608895",Supposée
08081_03,Bogny-sur-Meuse,FAV-LCAB,Privé,26052,9235,"LCAB née en 1920, fusionne avec l’entreprise FAV en 1954 et intègre le groupe Lenoir et Mernier en 2003.
En 2008, la société Lenoir&Mernier est en liquidation, les filiales sont touchées, notamment FAV-LCAB.
Des études de reconversion ont été réalisées en 2013 par les étudiants du D.E.S. Mutations Urbaines à l’École Spéciale d’Architecture qui proposent « des activités diverses mais articulées entre elles autour des thématiques du savoir-faire, de la formation, de la recherche et du tourisme ».","4,7567446","49,8620133",Avérée
08090_01,Carignan,Établissement Biette,Public (Commune de Carignan),1036,705,"La graineterie est fondée en 1810 par Clément et Henri Denaiffe. L’activité était tournée vers la recherche et la création de variétés nouvelles, la production et la commercialisation de semences. Elle ferme ses portes après la Seconde Guerre mondiale. Les établissements Biette reprennent les locaux, avant de cesser à leur tour leur activité.
Les habitants du quartier étaient favorables à une démolition de cette friche mais un architecte urbaniste de l’État et du Patrimoine y donne un avis défavorable et invite la collectivité à mettre le bâtiment en sécurité qui va réaliser des travaux de confortement.","5,1688359","49,6309522",Inexistante
08105_01,Charleville-Mézières,Fonderie du Moulinet SA puis Bricomarché,Privé,24175,1856,"Ancienne friche industrielle de la Fonderie du Moulinet dont il ne reste plus de trace, le site a ensuite laissé place à un Bricomarché désormais fermé. Le site est totalement clôt.
Friche commerciale non réhabilitée.","4,7081442","49,7804793",Inexistante
08105_02,Charleville-Mézières,Deville SA,Public (Conseil Départemental des Ardennes),32151,30110,"Fonderie créée en 1849, la direction est confiée à Albert Deville en 1886. La façade art-déco date de 1935. Le site est inondable par la Meuse et se situe dans un périmètre de protection des MH, dans celui d’un secteur sauvegardé et l’architecture de l’usine est à l’inventaire général de l’UDAP08. Le site est propriété du CD 08 depuis 2003, le désamiantage a été réalisé. Projet Archives départementale par le CD 08 dans le bâtiment blanc rue Louis-Fraison. Activité en partie reprise par le groupe Phoenix en 2014. En juin 2016, Deville est racheté par le groupe Invicta mais délocalise la production sur leur site de Donchery laissant vides les bâtiments de l’usine. 2017 : CD08 a voté une enveloppe de 200 k€ pour mise en sécurité du site.","4,7301565","49,7747769",Supposée
08105_03,Charleville-Mézières,École Normale,Public (Habitat 08),8330,2100,"Projet de réhabilitation en cours par « Habitat 08 » qui devrait s’élever à 25 M€.
Valeur patrimoniale importante (conservation de l’École Normale des Filles du XIXe siècle et d’une bâtisse du XVIIIe) et paysagère avec le belvédère qui s’ouvre sur la Meuse, l’ensemble du site se situe à l’intérieur d’un secteur sauvegardé ainsi que d’un périmètre de protection des monuments historiques.","4,7177337","49,7767499",Inexistante
08105_04,Charleville-Mézières,Forges St-Charles (Ardennaise de Forge),Public (Commune de Charleville-Mézières),27664,871,"Les établissements Demangel sont présents à Charleville depuis 1880. En 1906, la société qui se nomme maintenant Manestamp construit sa nouvelle usine rue de l’Abreuvoir. En 1922, l’usine est reconstruite suite aux dommages de la première guerre. En 1974, son rachat transforme sa raison sociale en Demangel-Vence, filiale de Cockerill, elle travaille pour l’automobile et principalement pour Peugeot. L’activité périclite en 1979 pour cesser en 1983. L’Ardennaise de Forge (société coopérative) est créée la même année. L’entreprise fait faillite en 1993, les bâtiments situés au nord du site sont rasés l’année suivante.","4,7314066","49,7707151",Avérée
08105_05,Charleville-Mézières,Aciérie de Charleville-Mézières,Privé,4592,3041,"Situés au bout de l’impasse qu’est la rue de l’Abattoir, les bâtiments sont en ruines, en zone inondable, probablement pollués (sans certitude, mais les anciennes activités de fonderie le laissent supposer). Le site jouxte la friche de l’Ardennaise de Forge.
La Société des Aciéries de Charleville est fondée en 1948 par M. Collot, le site est racheté par un privé en 1994 puis reste à l’abandon. Néanmoins, il est noté, sur la fiche Basias, une cessation d’activité en décembre 2000 et la DGFiP indique toujours « Aciérie de Charleville » comme propriétaire.","4,731774","49,769272",Supposée
08105_06,Charleville-Mézières,Fonderie Gailly,Privé,1556,1556,"La zone inondable PPRI frôle le site mais les bâtiments sont à l’extérieur du périmètre.
Présence d’une clouterie de Gustave Gailly dont l’activité a débuté mi-XIXe. Les locaux ont ensuite appartenu à l’Aciérie de Charleville, puis le site a accueilli la fonderie Gailly. Dépôt de bilan en 1977 ou 1979.
Ces bâtiments ont été occupés par la société « Ardenn’A » spécialisée dans l’agencement de lieux de vente de 1994 à 2012. Ils appartiennent aujourd’hui à une SCI. Ce site vaut surtout pour l’histoire de la famille Gailly, notamment Gustave, industriel et homme politique français important.","4,7294133","49,7692157",Ne sait pas
08105_07,Charleville-Mézières,SA PICC,Privé,1117,1004,"En 1966, Claude Chrétien crée la PICC (Planification Industrielle Claude Chrétien) qui emploiera jusqu’à 360 personnes et disposera de 70 magasins « Panichaude ». Son siège social est au 46-48 rue de l’Abreuvoir à Charleville. Panichaude a été délocalisée dans une usine rue de l’Industrie qui a été liquidée en 2003.
Actuellement, les deux parcelles appartiennent à des SCI.","4,7293232","49,7706548",Ne sait pas
08105_08,Charleville-Mézières,"43, rue des Forges Saint Charles",Privé,1027,800,"En apparence en friche, déjà repérée en 2005 à la même adresse.
Les locaux devaient probablement accueillir les sociétés suivantes :
- SICAVA (société d’intérêt collectif agricole de viande des Ardennes)
- ROBA-BEBING (société pour l’approvisionnement des consommateurs d’huiles combustibles)
Ce n’est qu’une supposition, on a retrouvé peu d’élément quant au passé de cette friche.","4,7284516","49,7694989",Ne sait pas
08105_09,Charleville-Mézières,Entreprise Bobier,Public (SIVU améliorat° écoulemts fluviaux agglo Ch.-Mz.),8123,0,"4300 m² sis en front de rue sont constructibles, la surface restante est classée en zone N naturelle dans le PLU.
Terrain appartenant au Syndicat Intercommunal à Vocation Unique (SIVU) de gestion de l’amélioration des écoulements fluviaux de l’agglomération de Charleville-Mézières.
Le site est actuellement dépourvu de bâtiment, il s’agit en l’état de terrains nus, ouverts au public avec une sente qui mène à la passerelle qui dessert l’écluse de Montcy.
L’année de cessation d’activité est à vérifier car elle semble peu vraisemblable.","4,7383991","49,7723231",Ne sait pas
08105_10,Charleville-Mézières,Société Desmarais Frères puis Total,Privé,14224,1265,"Cette friche en jouxte une autre (Cf. friche « Entreprise Bobier ») Les locaux sont réhabilités en entrepôts pour la société « Kabadayi Frères » (également gérant de la SCI Saint Pierre) qui vend de la boucherie halal avenue du Petit Bois. Le reste du terrain est à l’abandon.
Créé en 1935, les frères Desmarais avaient un dépôt d’hydrocarbures dont la capacité a augmenté successivement jusqu’en 1963. Ce dépôt a été repris par Total en 1968. La SARL « Kabadayi Frères » occupe le site depuis le début des années 2000.","4,7403225","49,7717564",Supposée
08105_11,Charleville-Mézières,La Macérienne,Public (Commune de Charleville-Mézières),41156,9879,"Usine de cycles Clément et Cie dite La Macérienne, devient l’usine de construction automobile Clément-Bayard, puis usine métallurgique des Établissements Clément-Bayard.
Le projet de création d’une SMAC (Scène de Musique Actuelle) semble être de moins en moins d’actualité. Subsiste le projet de création de locaux de la Communauté d’agglomération Ardenne Métropole. Des polluants ont été décelés dans les sols et le bâti.
Le terrain accueille le festival du « Cabaret Vert », l’association FLAP qui l’organise entrepose du matériel sur le site.","4,713127","49,7635144",Avérée
08105_12,Charleville-Mézières,Centrale électrique tréfilerie Lefort,Privé,2145,602,"Construite en 1922, la centrale électrique alimentait notamment la tréfilerie Lefort et Cie, qui deviendra successivement Tréfilunion, Tréfilest puis Bekaert avant sa fermeture définitive en 2002 (depuis 2007, ZA Val de Vence). Un canal de décharge de la Vence passe sous le bâtiment de la centrale. Les abords de ce canal sont classés en zone N dans le PLU jusqu’au bâtiment.
Les parcelles voisines, encore en friches il y a peu de temps, ont été construites et accueillent les locaux du groupe d’économie solidaire « Ardennes Patrimoine Insertion »","4,7297074","49,7409925",Ne sait pas
08105_13,Charleville-Mézières,Fonderie Grandry,Public (Espace Habitat),25553,0,"L’usine des frères Grandry fondée en 1848 à Nouzonville est délocalisée dans la Sarthe pendant la seconde guerre. Elle s’implante à Mézières en 1954 et se spécialise dans les pièces de robinetterie et le matériel de travaux publics en acier moulé. Le site ferme suite à sa liquidation judiciaire en octobre 2003 et reste abandonné. Les bâtiments de la friche sont rasés en 2014. Espace Habitat a racheté le terrain en décembre 2013, l’État a engagé le financement de 17 PLUS en 2014 ainsi que 24 PLUS et 11 PLAI en 2015. En 2016, ambitions revues à la baisse pour un projet d’une trentaine de logements.","4,7134833","49,7534441",Avérée
08105_14,Charleville-Mézières,Usine des Ateliers d’estampage de la Vence,Privé,4723,2994,"En 1911, est fondée la SA des Ateliers d’estampage de la Vence qui produit des pièces pour les chemins de fer et pour l’automobile. Elle change plusieurs fois de raison sociale mais l’activité reste dans le domaine de la métallurgie jusqu’en 1995. Le site est occupé depuis par un particulier.
À vérifier, deux entreprises apparaissent à cette même adresse (SODEMET et Multi-Fer).
Néanmoins, le site paraît quasiment à l’abandon, sans entretien avec des parties qui menacent ruine.","4,7346798","49,7424496",Avérée
08105_15,Charleville-Mézières,Hôpital Corvisart,Mixte public et privé,8137,4200,"Deux parcelles appartiennent à BDM, les autres à Manchester. Hôpital bâti sous Charles de Gonzague. 18e, reconstruction. 19e, extension. 1914, réorganisé par les Allemands. 1929, nouvelles extensions. 1966, renommé Corvisart. 1987, regroupement des services achevé en 2008 par construction hôpital actuel. La ville retient BDM comme promoteur. 2009, fermeture. 2013, découverte nécropole. 2014, démolition quelques bâtiments. 2016, BDM acquiert partie du site pour faire 47 logements sociaux qui seront cédés à Espace Habitat. Projet d’EHPAD abandonné mais construction résidences pour séniors. Démolition du R+7 prévue pour l’automne 2017.","4,7249852","49,7736819",Inexistante
08105_16,Charleville-Mézières,Friche Inchelin,Public (Commune de Charleville-Mézières),336,119,"Ancienne station service Antar reprise par M. Inchelin qui en fit un garage déclaré en cessation d’activité en 2008.
Actuellement propriété de la ville, il fut question en 2015 d’en faire un parking avant d’abandonner cette idée. Fin 2016, des études de pollution du sol sont menées. La ville souhaite mettre en vente ce site pour qu’un investisseur le réaménage.","4,7189178","49,7583103",Avérée
08136_01,Daigny,Terrain militaire,Public (Conseil Départemental des Ardennes),429721,0,"Ancien terrain militaire, en grande partie boisé, en dehors de l’agglomération, qui ne pose pas particulièrement problème.
Le Conseil Général en a fait l’acquisition en 2001 en y prévoyant à l’origine la possibilité d’y créer une zone d’activités. Puis, en 2011 le CG08 y envisage l’implantation d’un parc photovoltaïque.
Depuis, aucun projet n’a vu le jour sur ce site. Il sert à l’occasion de terrain de loisir pour les véhicules tout terrain, courses des 24 heures tracteurs tondeuses ardennaises, etc. (gestion du site par « Barbaise 4×4 »)","5,0050883","49,7080992",Inexistante
08139_01,Deville,Fonderie Cury et Charrier,Privé,5828,3120,"L’usine est située entre la voie ferrée reliant Monthermé à Revin et les bords de la Meuse, entièrement en zone inondable. La fonderie Cury-Charrier s’est implantée en 1864 sur les terrains désaffectés des ardoisières de l’Espérance, elle se spécialise dès 1900 dans la fabrication de cylindres d’automobiles. L’usine de chaudronnerie Hénon remplace la fonderie jusqu’à sa fermeture en 1999. Depuis 2008, l’entreprise de construction métallique chaudronnerie Boussin a repris une partie des bâtiments.
Une autre partie du site était occupée par la casse automobiles Beretta qui a désormais cessé son activité.","4,708428","49,8761772",Supposée
08139_02,Deville,Fonderie Gustin,Privé,7947,0,"La fonderie établie au lieu-dit Le Calvaire est construite en 1872. Elle est successivement la propriété de Nonon, Mahain, puis Marteleur et Cie, enfin des Établissements Gustin. Le site est repris par la fonderie L’Union de Renwez dans les années 1970, et opère des modifications dans le bâti. Elle ferme vers la fin des années 1980, début des années 1990. Les bâtiments restent à l’abandon avant d’être occupés en 1993 par une entreprise de récupération de métaux. Les bâtiments ont été rasés très récemment.
Le terrain, actuellement nu et clôturé, peut présenter un enjeu paysager d’entrée d’agglomération.","4,6979461","49,8728908",Supposée
08139_03,Deville,Fonderie Lacroix,Public (Commune de Deville),5178,0,"La fonderie est créée en 1912 par Octave Lacroix. Elle est spécialisée dans la production de pièces pour automobile. Vidée des machines lors de la 1re Guerre mondiale, elle reprend l’activité en 1920. Des extensions sont construites dans les années 30 et 70. La fonderie ferme définitivement ses portes en 1998. Inoccupé depuis cette date, le site menaçait ruine. Les bâtiments ont alors été rasés en 2010.
La communauté de communes Meuse et Semoy a créé une bande de stationnement, soutenu par un mur grillagé, le long de la voie de circulation. Le restant du terrain reste nu pour le moment.","4,7042541","49,8831723",Ne sait pas
08140_01,Dom-le-Mesnil,Coopérative laitière du Nord-Est des Ardennes (mamie Nova),Copropriété / Indivision,8281,4800,"La Coopérative Laitière Agricole du Nord des Ardennes débute en 1947 avec collecte, transformation, vente et approvisionnement du lait. Elle fabrique : yaourts, fromages frais, poudre de lait, maroilles ainsi que des produits pour la marque « Mamie Nova ». L’activité cesse en fin novembre 1991. Actuellement, deux couples en sont propriétaires en indivision. Une partie de la friche est devenue une maison (à usage d’habitation et siège social d’une entreprise de peinture et ravalement, a été décomptée des superficies annoncées) et quelques locaux entreposent du matériel. Les autres bâtiments de la friche sont vides.","4,813529","49,6879152",Supposée
08168_01,La Ferté-sur-Chiers,Filature Oudin,Privé,2803,1700,"Filature de laine exploitée par les familles Détré puis Oudin, le bâtiment de production est caractéristique des filatures du XIXe siècle. La salle des machines est construite en 1921 en même temps que le déversoir et la centrale électrique sur la Chiers qui jouxte le site. Les lieux sont inondables. Les bâtiments sont à l’abandon depuis la cessation d’activités en 1967.
Une étude de faisabilité a été produite en 2010 pour vérifier la possibilité de produire à nouveau de l’énergie hydroélectrique sur ce site, elle conclue que la réhabilitation de l’ouvrage est financièrement intéressante.","5,2406001","49,5756205",Ne sait pas
08172_01,Fligny,Usine Faure et Cie,Copropriété / Indivision,20878,5159,"La fonderie est créée en 1907 par Henri Faure, un industriel de Revin. Elle cesse son activité en 1953 et reste désaffectée jusqu’aux années 1970 où elle est rachetée par un particulier.
Aujourd'hui une partie du site a dû être réhabilitée, le grand bâtiment de production semble stocker des voitures et les petites maisons de la cité ouvrière sont habitées. Deux propriétaires privés se partagent le site.","4,2818598","49,8924482",Supposée
08173_01,Flize,"Aciéries de Flize, puis Société Métallurgique de l’Escaut",Privé,39676,5900,"L’usine de Flize est créée en 1832 par J-N Gendarme à l’emplacement d’un moulin. Multiples raisons sociales dont Forges et Aciéries de Flize avant d’être absorbée en 1933 par la Société Métallurgique de l’Escaut jusqu’à l’arrêt en 69. Les magasins sont occupés par les transports Bouchery. Sont sur la friche : les bureaux le long de la rue, le laminoir (grandes halles dégradées, zone réservée activité PLU) ainsi que la centrale électrique (bâtie au sud en 2AU du PLU, susceptible d’être polluée et servitude due au gazoduc).","4,7740386","49,6956875",Supposée
08180_01,La Francheville,Poudrerie de Saint-Ponce,Public (Commune de La Francheville),34657,350,"Vers 1680, le moulin est transformé en poudrerie. Le roi l’acquière en 1777, elle est nationalisée à la Révolution, supprimée en 1796 et vendu comme Bien national en 1798. L’État la reconstruit à nouveau en 1801. La production s’achève en 1904. Une partie de l’usine reçoit une machine à vapeur afin d’entraîner des métiers à clous en 1907. La plupart des bâtiments sont détruits ou en ruine. Ils étaient éloignés pour éviter trop de catastrophe en cas d’explosion d’une unité. Le site est situé à proximité de la Vence, les meules étaient actionnées par force hydraulique. Une association de sauvegarde serait en train de se constituer.","4,7110752","49,7229219",Ne sait pas
08185_01,Fumay,L'Émaillerie Ardennaise,Privé,3267,0,"L’émaillerie créée en 1926 appartenait à MM. Gerday, Coupaye et Joris. En 1950, elle exerçait sous la raison sociale « Coupaye frères ». Pas d’information sur sa fermeture ni sa destruction.
La communauté de communes Ardennes Rives de Meuse souhaitait acquérir ce site afin d’y implanter une halte-garderie. Aucune suite n’a été donnée à ce projet car le terrain serait pollué.","4,6898674","49,983266",Supposée
08185_02,Fumay,Stade Nexans,Privé,17349,0,"Ancien terrain de sport des cités ouvrières de « Pied-Selle » puis « Nexans ». Non daté. À l’abandon.
Les parcelles boisées attenantes sont également propriétés de Filotex (Nexans).","4,6886415","49,9883141",Inexistante
08190_01,Givet,Cellatex et Est Réfractaires,Public (Communauté de communes Ardenne Rives de Meuse),71079,41700,"Cellatex, fondée en 1981 sur la base d’une activité créée en 1902, est liquidée en 2000 créant un conflit social médiatisé : occupation par ses employés et menace de déverser des polluants dans la Meuse. La CC Région de Chooz l’acquiert en 2002. En 2008, la moitié du bâti principal est rasée. En 2009, s’est implantée l’usine Gema liquidée en 2013. En décembre 2014, J-L P. rachète la friche à la CCARM pour y créer une usine de cabanes. En janvier 2015, M. P. a des problèmes avec ses créanciers, remettant en question les projets prévus. En mars 2016, Est Réfractaires, installée sur le site, se trouve en liquidation judiciaire. En juin 2016 Est Réfractaire porte plainte contre l’intercommunalité, estimant que sa liquidation est due au fait de n’avoir pas pu s’agrandir en vendant le reste du site à M. P. contrairement à ce qu’elle avait promis.","4,8228079","50,1548339",Avérée
08190_02,Givet,Gascogne-Laminates (ex-SOPAL),Privé,16805,5842,"Une usine de colle est créée en 1808 par Martin Estivant. Dans les années 1950, deux entreprises d’emballage occupent le site (SACOP et CEP). En 1963, Beiersdorf France (TESA) reprend l’ensemble pour fabriquer de la colle à timbre et le cède à Sopal puis Gascogne-Laminates qui stoppe la production en 2008. L’entreprise a été liquidée en 2015. Le périmètre ABF longe le site de Gascogne.
Une grande partie des bâtiments déjà démolie. Projet de tertiaire et logements R+2.","4,834686","50,1353441",Avérée
08190_03,Givet,"Tesa-Beiersdorf, Sorochimie puis Ardenity SAS",Public (CCI des Ardennes),19836,6337,"L’usine est classée SEVESO seuil bas. Jusque dans les années 1980, le site accueillait une activité de traitement de surface des métaux. De 1980 à 1991, il était occupé par la société Tesa-Beiersdorf qui fabriquait de la colle et adhésifs. Sous le nom de Sorochimie en 1991, la structure produisait de l’acide sulfanilique. En 2001, elle dépose le bilan et est placée en redressement judiciaire. Elle est reprise en 2007 et devient Ardenity. Enfin, en 2011, liquidation judiciaire de l’entreprise à cause, selon le pdg, de l’attitude déloyale de son plus gros client, l’allemand BASF. Début 2016, Jean-Yves Daloz (entreprise d’éclairage public) contacte la CCI pour acheter une partie du site. Sa proposition est approuvée fin mai 2016.","4,8139341","50,1412666",Avérée
08191_01,Givonne,"Manufacture de Givonne, filature Lion",Public (Commune de Givonne),4168,1882,"Filature de laine cardée d’Eugène Lion. Filature mentionnée au moins depuis 1846, elle appartient alors à Letang-Vannaise. Les bâtiments qui subsistent abritent une société de transport (Goedert Dumont), un hangar agricole (maraîcher GAEC Bosserelle) et des entrepôts municipaux. Fin d’activité datée sur Basias en 1980, possible fin des années 60. La commune de Givonne a mis à disposition ce site à la CC du Pays Sedanais en 2005 afin de réaliser un projet de restauration d’une petite centrale hydroélectrique. L’opération de réhabilitation fut abandonnée et les biens rétrocédés à la commune en 2008.","4,989943","49,7106847",Ne sait pas
08194_01,Glaire,Centrale électrique Usinor,Privé,49420,800,"La centrale électrique qui alimentait les Aciéries de Longwy, puis fut propriété d’Usinor, fut construite en 1922. Elle abritait deux turbines à vapeur alimentées en charbon arrivant à quai par péniches. La centrale pompait également l’eau du fleuve pour refroidir les cubilots de l’usine. Elle a cessé de fonctionner au début ou au milieu des années 1950 selon les sources. Au niveau de la desserte, le site est idéalement situé à proximité immédiate de la Meuse, de la voie ferrée et de l’autoroute.
Deux des trois bâtiments, qui avaient un cachet architectural très intéressant, ont été rasés en 2014.","4,8981663","49,702623",Ne sait pas
08194_02,Glaire,"Isopipe, Vallourec-Cepia SA",Privé,40155,1260,"Présence d’activité sur ce site depuis la fin du 19e siècle. Cette grande zone industrielle se partage désormais entre les usines CEPIA (Charpente – Emballage – Parqueterie Industrielle Ardennaise) et Akers.
Seules quelques parcelles appartenant à la SCI « Frimmo » semblent encore en friche et retenues dans ce diagnostic. Il ne reste sur ce terrain qu’un grand hangar et un château d’eau, les autres bâtiments ont récemment été rasés. L’ancien site de Vallourec, maintenant Cepia, est pollué mais la situation des sols des parcelles retenues pour cette friche en particulier est inconnue.","4,9110845","49,6997245",Ne sait pas
08211_01,Haraucourt,Ateliers de Construction de la Vallée de l’Ennemane,Privé,3563,3533,"En 1830, Prosper Alexandre transforme un ancien moulin en atelier mécanique. Devenue « Alexandre et Antoine », l’usine fabrique des machines liées au textile. Les bâtiments de la fonderie dateraient de la seconde moitié du 19e siècle. Après dépôt de bilan en 1977, les locaux sont repris par les Ateliers de Construction de la Vallée de l’Ennemane (ACVE). Une partie des bâtiments de la fonderie est démolie en 2007 quand le site était à Vynex. L’ensemble bureau et ateliers de montage accueillait la SEP L’Ennemane Extrusion Plastification. Cette société est toujours propriétaire du site, actuellement mis en vente.","4,9616848","49,6243146",Ne sait pas
08243_01,Lalobbe,Filature puis usine de quincaillerie Brice-Lejay,Privé,89061,3300,"Filature créée mi-19e par Adnet. Reprises successives par Tranchart puis Robinet et Lambert, devient Robinet-Barthélémy et Cie puis Lambert Frères en 1895. Production d’électricité sur le bief de la Vaux. Usine incendiée en 1926, après sa reprise par les Établissements Brice-Lejay, manufacture de quincaillerie. Le bâtiment ne conserve plus que le r-d-c. L’usine ferme ses portes en 1966. En 1969, A. L., pisciculteur, achète la propriété, y fait des concours de pêche et du stockage dans les bâtiments désaffectés et loue la maison de 1975 à 2009 à un artiste. Désormais, la propriété est à vendre.","4,3753154","49,6602248",Ne sait pas
08248_01,Launois-sur-Vence,"Entrepôts Champagne-Céréales, transport Boucher",Privé,2737,877,"Ancien entrepôt Champagne-Céréales, la bascule de pesage à camion existe encore avec sa guérite.
Le site appartient depuis 1999 à l'EURL Transport Boucher dont l’activité est le transport routier de fret.
Ce terrain, situé en entrée d’agglomération, ainsi que le bâtiment altèrent l’image de la commune, village-étape au patrimoine bâti notable.","4,5407045","49,6537484",Ne sait pas
08249_01,Laval-Morency,Fonderie Godart,Privé,5185,970,"Les frères Albert et Juste Godart créent, au lieu-dit Le Gravier, en 1901 une fonderie de fonte douce destinée à approvisionner leur ferronnerie implantée à Laval-Morency, rue du Moulin. Les bâtiments de la rue du Moulin ont été réhabilités et utilisés par Bonnomet, entreprise de transport, vente de pierres, travaux publics, terrassement et carrière. Le site du « Gravier » appartient également à cette entreprise.
Ce site est bordé par la Sormonne et présente les vestiges d’un barrage, témoin de l’utilisation de la force hydraulique par la fonderie.","4,4968199","49,8290844",Supposée
08311_01,Mouzon,Le Feutre SA,Mixte public et privé,24474,15132,"Le site se situe sur la presqu’île de Mouzon. Occupé par un moulin puis, en 1807, Poupart de Neuflize y implante une filature. En 1880, Alfred Sommer fonde la « Manufacture de Mouzon ». 1re Guerre Mondiale, l’ensemble est détruit par les Allemands. Les fils Sommer le reconstruisent ainsi qu’une partie de Mouzon. L’activité est diversifiée pour devenir en 1930 l’une des plus importantes fabriques de feutre d’Europe. En 1940, la moitié de l’usine est détruite. Elle s’oriente ensuite vers les productions pour automobile et bâtiment. En 1991, l’activité est cédée à « Le Feutre SA » puis « Felt Industries ». Avant la destruction récente d’une partie des bâtiments, l’usine s’étendait sur 2,5 hectares.","5,0798584","49,6039213",Inexistante
08314_01,Neuflize,Filature et tissage de laine Paté (Le Piqûrage),Public (Commune de Neuflize),1600,520,"Le bâtiment du piqûrage de l’usine est le seul restant désaffecté. L’autre bâtiment est aménagé en école et salle des fêtes et les maisons de la cité ouvrière sont réhabilitées. Cet ensemble patrimonial exceptionnel du XIXe siècle eut divers repreneurs mais la faillite est prononcée en 1975. Pour sauver leurs emplois les salariés créent alors une société ouvrière. Malgré la solidarité suscitée, elle dépose le bilan en 1977. La commune rachète le quartier ouvrier attenant en 1986. Un hangar métallique vert, visible depuis la route, jouxte le bâtiment, nuit gravement au patrimoine bâti et à l’ensemble que constitue la filature et sa cité.","4,3077901","49,4098281",Ne sait pas
08327_01,Nouvion-sur-Meuse,Gare de triage,Privé,80000,7600,"La partie en friche de la gare de triage n’a pas de limites physiques ou parcellaires distinctes. Sa superficie doit être comprise entre 5 et 10 hectares.
Tandis que la moitié nord de la friche est bordée de terrains agricoles, la moitié sud voit apparaître des lotissements à ses abords.
Le site frôle le contour du PPRI. Il est également en partie couvert par le périmètre de protection des monuments historiques (église).","4,7837261","49,7057019",Ne sait pas
08328_01,Nouzonville,Aciérie Val Thomé,Public (CA Ardenne Métropole),52011,0,"Entreprise de ferrures fondée en 1880 dont l’activité a cessé en 1998. Aujourd’hui, il appartient à la communauté d’agglomération Ardenne Métropole. Le hall de production est détruit en 2014 pour un coût total de 900 k€. Aujourd’hui, la municipalité cherche un devenir pour ce site aux nombreuses contraintes.
Le défi est double, puisque l’autre pan de l’empire Thomé, à savoir le site des Ateliers Thomé-Génot situé de l’autre côté du chemin de fer, est fermé depuis 2006 et appartient toujours au liquidateur qui n’a pas trouvé preneur.","4,7414065","49,8117312",Avérée
08328_02,Nouzonville,Thomé-Génot,Privé,21927,13892,"Fondée en 1863, cette forge, en relativement bon état de conservation, se trouve à proximité de la voie ferrée et de la Meuse, proche du centre-ville.
La fermeture définitive en 2007 a eu un impact social très conséquent sur non seulement les salariés mais aussi pour toute la vallée. Les ateliers, qui représentent plus de 13 000 m² de bâti, sont désaffectés et restent inoccupés mais parfois visités et dégradés.
(le site est à ATG sauf la petite parcelle au sud AO 44 qui appartient à Ardenne Métropole)","4,7430578","49,8133251",Avérée
08328_03,Nouzonville,Oil France,Privé,795,260,"Station-service fermée depuis 2008 appartenant à Oil France.
Le site est situé à l’intersection des RD 1, 22 et 13 face au pont qui franchit la Meuse. Nuit à l’image de la commune. Présence d’hydrocarbures dans les cuves. La commune souhaite que l’entreprise mette au propre ce site pour que s'y implante une nouvelle activité économique ou du stationnement mais Oil France refuse et veut la vendre pour 75 000 €.","4,7399213","49,8170543",Avérée
08328_04,Nouzonville,Dombret-Becq,Public (Commune de Nouzonville),3548,0,"Dombret-Becq était une entreprise spécialisée dans la fabrication métallurgique de pièces ferroviaire créée en 1905. L’entreprise a déposé le bilan le 28 octobre 2008 avec une période d’observation de six mois, renouvelée en avril 2009. Les établissements Dombret-Becq implantés à proximité du collège et de l’hôpital sont à l’abandon depuis 2010 puis démolis quelques années plus tard. En 2017, la mairie de Nouzonville rachète la friche pour 105 000 € en ayant pour projet de créer des places de stationnement et de nouveaux logements, des réflexions étant engagées avec le bailleur Espace habitat.","4,745875","49,8165199",Supposée
08329_01,Novion-Porcien,Scierie Foulon,Privé,4387,580,Peu d’information quant à l’utilisation du site comme scierie et son passé.,"4,4236917","49,5895648",Ne sait pas
08331_01,Noyers-Pont-Maugis,Société Anonyme des Textiles sedanais puis Vynex,Privé,20562,15439,"Usine de métallurgie à l’origine, elle est transformée en filature en 1833 et se développe. Sa grande envergure fait fortement augmenter la population. Elle devient en 1922 la Société Anonyme des Textiles Ardennais jusqu’à l’arrêt de l’activité en 1958. Puis s’installe l’entreprise Vynex spécialisée dans les articles de quincaillerie. En 2015, elle se délocalise dans les anciens locaux de Spartech à Donchery. Le PLU est révisé afin que le site puisse accueillir commerces et logements. En outre, les bâtiments les plus au nord sont inondables. En 1995, lors des inondations, l’usine a dû fermer quelque temps.","4,9572768","49,6683404",Avérée
08340_01,Poilcourt-Sydney,Fonderie Adin,Public (Commune de Poilcourt-Sydney),3380,0,"Filature Laigner avec présence d’un moulin sur la Retourne avant de devenir une fonderie. Le terrain appartient actuellement à la commune.
Une grande partie de la parcelle est cultivée, le restant est en friche où des monceaux de gravats sont stockés.
Il ne subsiste du bâti qu’un mur pignon dont la façade donne sur une propriété privée. Le site est clôturé par du fil barbelé fortement détérioré sauf côté route où un mur et un portail empêche l’accès.","4,0944773","49,4231009",Ne sait pas
08343_01,Pouru-Saint-Remy,Friche Voeltzel,Privé,6827,0,"À la suite de la cessation de son dépôt de ferrailles de Pouru-St-Rémy survenue en 1997, le propriétaire a été mis en demeure de remettre en état ce site. Ce site de récupération de ferrailles était jonché de plusieurs monticules de pneumatiques, ferrailles diverses, bidons, matériaux divers, bois, béton, etc. En 2007, le site est débroussaillé et les pneumatiques sont retirés. Les terrains montrent encore des déchets et les analyses révèlent des polluants. Actuellement, les parcelles sont couvertes de végétation et à l’abandon.","5,0874015","49,6737274",Avérée
08357_01,Remilly-Aillicourt,Stockage de combustible Périn,Privé,7195,150,"Site en entrée d’agglomération n’offrant pas une image des plus agréables de la commune. Ancien dépôt pétrolier dont les installations ont été démontées. Le terrain est clôt, on peut y voir un ancien affichage « S.S.C. Fuel-Charbon ».
En 2006, il est demandé à l’exploitant de réaliser un traitement de la pollution, une surveillance des eaux souterraines et des eaux superficielles ainsi que la réalisation d’un mémoire de remise en état. En 2009, l’exploitant remet à l’inspection des installations classées un bilan des travaux réalisés.","4,9848722","49,6585451",Avérée
08362_01,Rethel,Entreprise Gervais,Public (Commune de Rethel),10087,2449,"Les établissements Goury, Martin et Cie spécialisés dans la construction de machines agricoles occupent le site dans l’entre-deux guerres. Le site est repris en 1956 par l’entreprise de menuiserie Gervais qui le quitte en 1994.
L’usine a depuis été utilisée par les services municipaux ; début 2016, on peut remarquer que la parcelle est clôturée par un grillage neuf. Le site est assez contraint par sa situation en zone inondable par l’Aisne et sa proximité immédiate des voies ferrées. Le bâtiment adjacent accueille la FF canoë-kayak.","4,3682093","49,5029263",Ne sait pas
08362_02,Rethel,Point P,Public (Commune de Rethel),5750,3065,"Les bâtiments les plus anciens dateraient de 1925, on ne dispose pas d’information sur la nature de l’activité. L’enseigne « Point P », propriété de l’établissement « Docks de l’Oise », a changé de site en 2014 et se situe désormais rue Henri Bauchet.
La ville a prévu dans son budget d’acquérir le site en 2015 pour 420 k€.
L’ancienne boutique Point P est parfois utilisée pour des manifestations (Boutique éphémère de Noël en décembre 2015).","4,3677028","49,5046398",Ne sait pas
08362_03,Rethel,Ferme Paroche,Public (Commune de Rethel),5470,1140,"La ferme Paroche est une propriété agricole désaffectée de 5000 m² environ, proche du centre de Rethel et appartenant à la commune. On recense 11 bâtiments sur la parcelle, dont la plupart sont des locaux de quelques mètres carrés. Elle se situe au sein du périmètre de Quartier Prioritaire de la Ville (QPV) et fait l’objet d’un projet de réaménagement dans le cadre du NPNRU. Est envisagée la création de bâtiments mixtes comprenant des logements et des bureaux du Crédit Agricole. La démolition de la ferme s’achève fin octobre 2016, les travaux de réalisation du carrefour giratoire débute le 17 octobre 2016 pour se terminer au printemps 2017.","4,3610366","49,5135237",Inexistante
08362_04,Rethel,"Friche Cayenne Usine textile Gaston Lainé, puis usine de mécanique Mécanéral",Public (Commune de Rethel),1084,800,"La filature est créée en 1850 par Edouard Maquet-Harmel et surnommée Cayenne. Elle devient par la suite la société Lainé. L’usine ferme ses portes en octobre 1954. Le site est alors repris en partie en 1960 par l’usine Mécanéral (actuellement mécanique pour les engins agricoles SIMM Brimont).
Le grand bâtiment est aujourd’hui vacant et propriété de la commune. Il s’étend sur environ 800 m², sur une parcelle qui en fait 1000 m².
Bâtiment inoccupé situé sur le site de l’entreprise SIMM (Scholler Indust Mécanique Marnaise)","4,3614697","49,514238",Supposée
08363_01,Revin,Maçonnerie Deusebis,Privé,1418,200,Bâtiment fortement dégradé sur un terrain clairement à l’abandon situé en quartier résidentiel.,"4,6261437","49,9381287",Ne sait pas
08363_02,Revin,SARL Fers et métaux,Privé,3950,0,"Monsieur Bosserelle exploite un dépôt de déchets métalliques dès 1986 sous la raison sociale SARL « Fers et Métaux » qui a définitivement fermé le 31 octobre 2002. Compte tenu de la proximité des bâtiments par rapport à l’école de la Bouverie et des risques encourus pour la sécurité de ses riverains, le maire de Revin a pris la décision d’entreprendre, en juin 2010, des travaux de démolition de l’ancienne friche par voie d’arrêté de péril imminent. Lors d’une visite d’inspection de la DREAL en juin 2013, il a été constaté qu’il n’y avait plus de déchet sur le site. Le sol et la nappe sont pollués.","4,6409054","49,9339783",Avérée
08363_03,Revin,Ideal Standard (ex-Porcher),Public (Commune de Revin),61034,22800,"Émile et André Porcher créent leur usine de sanitaires en 1886 à Revin. En 1991, le site est repris par Ideal Standard pour les articles en céramique et Oxame continue la fabrication de baignoires en fonte émaillée. Cessation d’activité en juin 2011. En 2015, la ville attribue la concession de l’aménagement du site à la SEAA pour 10 ans, sur les 22 000 m² de bâtiments, seuls 15600 m² seront conservés (début démolition en 2017) pour créer une pépinière d’entreprises baptisée « Actimeuse ». Mi-2018, la CC Ardenne Rives de Meuse installera à l’entrée de ce site une nouvelle déchetterie pour une ouverture prévue en 2019.","4,6466073","49,9381245",Avérée
08363_04,Revin,Oxame (ex-Porcher),Privé,29356,10100,"Émile et André Porcher créent leur usine de sanitaires en 1886 à Revin. La marque occupe 25% du marché français dans les années 1960. En 1991, le site est repris par Ideal Standard pour les articles en céramique et Oxame continue la fabrication de baignoires en fonte émaillée jusqu’à sa fermeture en mars 2012. Le site est pollué par la présence de métaux, d’hydrocarbures et potentiellement de l’amiante dans le sol.
Actuellement, une grande partie des bâtiments a été rasée et le site subit régulièrement des visites malgré la dangerosité des lieux (toitures qui menacent de s’effondrer, murs en ruines, polluants, etc.)","4,6451578","49,936347",Avérée
08365_01,Rimogne,Ardoisière Fosse Saint-Brice,Privé,40541,0,"La fosse Saint-Brice est ouverte en 1903 pour suppléer à la Grande Fosse. C’est la seule carrière de Rimogne équipée d'un plan incliné d’une longueur de 445 m pour l'accès des hommes et la remontée de l’ardoise. Elle cesse son activité en 1933.
La partie sud du site qui représente 18 690 m² de terrain est couverte par une zone réservée au développement de l’activité touristique liée aux anciennes ardoisières par le document d’urbanisme, le reste du terrain est en zone naturelle à protéger, la fosse abrite des chauves-souris, leur habitat est à préserver.","4,5407342","49,843544",Inexistante
08367_01,Rocroi,Fonderie La Persévérance,Privé,20138,5605,"La fonderie du Croissant tire sa raison sociale des armes de la ville de Rocroi. Elle est née en 1907 de l’association de douze artisans groupés en un seul atelier. La société dépose son bilan en 1983 est reprise en 1985 par les époux Bidault propriétaires de la fonderie La Persévérance aux Mazures.
En avril 2015, la fonderie ferme suite à sa liquidation judiciaire.","4,5265536","49,9269235",Avérée
08368_01,Roizy,Usine Barrois,Privé,943,586,"Cette usine appartenait à la famille Barrois, propriétaire du moulin sur la Retourne qui se trouve à proximité, elle s’est étendue en 1963 et avait pour activité la transformation du manioc pour l’alimentation animale. Cette activité s’est arrêtée à la fin des années 70. Le site est racheté par J-L T.
En 2013, un permis de construire a été déposé pour un projet de production de biogaz par la SCEA Tillier-Renaudin, celui-ci n’a pas abouti.","4,1722833","49,4238556",Inexistante
08368_02,Roizy,Moulin à farine,Privé,2152,692,"Les bâtiments sur rue, en craie, datent peut-être du 18e siècle. L’essentiel du gros œuvre du moulin actuel semble dater du second quart du 19e siècle. Il est acheté en 1907 par René Barrois, lequel fait reconstruire le déversoir en 1911. Le pavillon d’angle servant d’habitation, en meulière et brique, est construit en 1924. Après la Seconde Guerre mondiale le moulin est rehaussé, probablement à l’occasion de sa conversion en minoterie. Dans le même temps le porche de façade est déplacé. Le moulin, sur la Retourne, cesse son activité en 1951. Il est toujours entre les mains de la famille Barrois.","4,1730339","49,4235337",Inexistante
08370_01,Rouvroy-sur-Audry,Fromagerie Moreau,Privé,5360,2700,"La fromagerie, fondée en 1909 par les frères Moreau, collecte du lait et fabrique du fromage, elle s’industrialise à partir de 1947. La génération suivante développe les équipements. Puis Yves (propriétaire actuel des deux SCI), Gilles et Francis Moreau construisent une extension en 1961. L’usine produit de la poudre de lait, du beurre et du fromage ; elle dépose le bilan en 1985. Actuellement, une partie du site est reconvertie en dépôt-vente et en entreprise de construction, de menuiserie. Le bâtiment sis rue du Petit Pré se trouve en périmètre de protection des MH. La maison patronale mérite d’être restaurée et mise en valeur.","4,4954844","49,7882154",Inexistante
08381_01,Saint-Germainmont,"Sucrerie Linard, Société Sucrière de Saint-Germainmont, puis usine Ardennes Chicorées",Privé,201526,30700,"La sucrerie de Saint-Germainmont est créée mi-XIXe siècle par les frères Linard. Elle fonctionnait avec les râperies de Villers-sur-le-Thour et d’Écly. En 2001, l’usine produit de l’insuline à partir de chicorée sous le nom Ardennes Chicorées qui cesse son activité en 2007. Suite à la désaffectation du site, il y eut un litige entre l’État et la LPO quant au démantèlement des bassins de décantation qui étaient attractifs pour plusieurs espèces d’oiseaux. Une partie des locaux est potentiellement réutilisable en l’état, des équipements sont encore fonctionnels, une entreprise de casse automobile envisage de s’installer sur une partie du site.","4,132811","49,499422",Supposée
08388_01,Saint-Marceau,"Forges et Clouteries, Lefort et Cie, puis Les Hauts-Fourneaux de la Chiers, usine Foissy",Privé,22300,800,"En 1848, s’implante une clouterie à la place du moulin. La société change plusieurs fois de propriétaire et se développe. Première Guerre, l’usine est démantelée par les Allemands et confectionne des confitures. Après 1945, elle revient dans le giron du groupe Lefort. En 54, il s’associe avec les Hauts Fourneaux de la Chiers qui l’absorbe puis cesse l’activité en 79. En 85, l’entreprise Foissy, de Warcq, s’y installe et est toujours en activité dans les bâtiments restaurés. Ceux en friche sont dans des états divers. Le site est d’intérêt pour le bâtiment des turbines et son vannage sur la Vence et le logement patronal près du château d’eau.","4,7101063","49,7146672",Ne sait pas
08409_01,Sedan,"Manufacture de tapis 
Le Point de Sedan",Public (Commune de Sedan),2627,2268,"Bâtiment à sauvegarder. La ville souhaitait y installer son musée municipal et le racheta en février 2009.
Les locaux en bon état permettent l’accueil d’expositions temporaires.
Finalement, le musée devrait être créé dans les locaux de l’ancien garage Renault de l’avenue de Verdun.
L’usine quant à elle sera réhabilitée en une galerie d’art.","4,9349196","49,7070776",Inexistante
08409_02,Sedan,Garage Renault,Privé,3155,2851,"Concessionnaire Renault jusqu’en 2015.
À l’origine était prévu un projet d'extension du cinéma « Turenne » qui jouxte le garage.
Finalement, ces locaux doivent accueillir le musée municipal.","4,9476012","49,6979772",Inexistante
08409_03,Sedan,Friche Mory,Privé,51237,8921,"Mory était un grand groupe de transport fondé en 1804. Le site sedanais était à l'origine une affaire charbonnière créé en 1932 qui possédait un port fluvial sur la Meuse et un embranchement ferroviaire. Progressivement, le transport routier se développe jusqu’à devenir son unique activité. L’entreprise est placée en liquidation judiciaire en mars 2015. En mai 2017, l’aire d’accueil des gens du voyage de Sedan est fermée pour dégradations. Fin juillet, plus d’une dizaines de caravanes investissent illégalement le site en friches et fin août, ces occupants sont menacés d’expulsion et quittent le site après l’avoir saccagé.","4,935221","49,6930515",Avérée
08457_01,Tournes,Ancienne usine Kinetec,Privé,8928,4315,"Créée en 1975, à Charleville-Mézières, sous le nom de Cogemo, la société Kinetec conçoit des produits pour la rééducation, l’orthopédie et la traumatologie. En 1983, Richards Medical (USA) rachète l’entreprise. En décembre 1983, suite au développement rapide des appareils motorisés, la Cogemo s’implante à Tournes et devient Kinetec en 1994. En 2011, l’entreprise quitte le site pour emménager dans l’enceinte de l’usine Visteon. Un bâtiment à l’est du site est occupé par l’entreprise de menuiserie AMG2 (décompté de la friche). L’autre bâtiment est à l’abandon, un projet de réhabilitation en boîte de nuit a été un temps envisagé mais la municipalité l’a refusé.","4,6313339","49,791506",Inexistante
08476_01,Villers-devant-le-Thour,Sucrerie Saint-Louis de Saint-Germainmont,Privé,26118,1500,"Bâtiments totalement en ruines. Utilisation ponctuelle comme décharge ménagère sauvage.
La râperie de betteraves de Villers-devant-le-Thour est fondée dans les années 1870 par les frères Linard. L’usine de Villers-devant-le-Thours alimente en jus de betterave la sucrerie de Saint-Germainmont créée en 1864. Vers 1892, l’usine est dotée du premier réseau ferré français à voie étroite dévolu à la collecte de la betterave. La Première Guerre mondiale endommage fortement les installations de la râperie qui est reconstruite à la fin du conflit. L’activité cesse en 1956 et le site est depuis à l’abandon.","4,0695927","49,505479",Inexistante
08480_01,Villers-Semeuse,Stockage et décuvage de transformateur au PCB (EDF),Privé,3508,1172,"Le site était un poste de transformation géré par la Société de Transport D’Énergie Électrique de l’Est conventionnée avec l’État en 1923, nationalisée en 46. En 54, EDF transforme les locaux pour créer un ensemble d’ateliers d’entretien et magasin de transformateurs qui perdurera jusqu’à sa cessation d’activité en 1993. Un bâtiment a servi au stockage et au décuvelage de transformateurs au PCB-PCT. En 97, la commune y projette des équipements sportifs. Elle contacte EDF en 2014 afin de relancer la procédure. En février 2016, la ville présente le projet de déconstruction et dépollution du site aux riverains.","4,7476176","49,749724",Avérée
08486_01,Vireux-Molhain,"Les Hauts Fourneaux de la Chiers, Usinor",Mixte public et privé,37220,0,"Propriétaires : Commune de Vireux-Molhain, SIVU pour l’aménagement et la gestion de la ZI de l’usine de la Chiers et SCI JJDSL (privé). L’activité débute en 1862, la 1re guerre détruit l’outil de production mais l’usine redémarre en 1920, intègre les Hauts Fourneaux de la Chiers puis Usinor. En 1982, l’annonce de la fermeture déclenche des affrontements entre sidérurgistes et forces de l’ordre ainsi que l’incendie du château de la Buchère où réside le directeur. Ce conflit dure près de deux ans. Suite à la fermeture en 84, la plupart des bâtiments est rasée. En 2005, la base du haut fourneau est détruite. Le site est recolonisé par les entreprises.","4,7226877","50,0884582",Ne sait pas
08490_01,Vouziers,Minoterie Saint-Paul,Privé,14560,1046,"C’est le percement du canal en 1836 qui a accru l’importance du marché aux grains et entraîné l’essor de Vouziers. Ernest Hardy-Lebègue fait construire le moulin près du port en 1855. Cette installation est complétée par un bâtiment de stockage en 1905. Bien qu’épargné par la première guerre mondiale, l’activité de meunerie ne s’est pas relevée des effets du conflit. Les bâtiments ont servi ensuite d’entrepôts agricoles ou inutilisés. Est considérée comme friche la partie de la parcelle qui supporte la minoterie qui est réservée, dans le PLU de Vouziers, pour des activités à vocation de loisir ou touristique.","4,704896","49,404174",Inexistante
08490_02,Vouziers,SIETAM,Public (CD 08 / 2C2A),18132,3700,"La SIETAM réalisait du travail mécanique des métaux et alliages pour les engins agricoles. Elle aurait fermé en 1994. La 2C2A acquiert le site fin 2002, la parcelle située dans le carrefour est conservée par l’interco. Le Conseil Départemental a démoli les annexes fin 2007 après rachat de la friche. Le projet, inabouti, étant d’y installer le Territoire Routier Ardennais. Le bâtiment est occupé par un vendeur de pièces auto. Le CD08 a fait faire une analyse en 2014 pour déterminer si les terrains sont exempts de pollution des sols et des eaux en vue de la cession d’une partie de la parcelle et du projet de construction d’un bâtiment administratif.","4,7025969","49,3929683",Supposée
08490_03,Vouziers,Gare de Vouziers,Privé,1633,350,"Le chemin de fer d’intérêt local d’Amagne à Vouziers est déclaré d’utilité publique en 1867, le Conseil général des Ardennes en confie l’exploitation à la Compagnie des chemins de fer de l’Est. Les bâtiments de la gare sont en ruines suite à la première guerre mondiale, les actuels sont typiques de la reconstruction dans les années 1920. En 1969, la ligne est fermée à l’utilisation par les voyageurs puis le bâtiment des voyageurs reste à l’abandon depuis 1996 jusqu’à son rachat en 2014 par Laurent Perrin (dirigeant de la SCI ACPL).
Ce dernier réhabilite actuellement le bâtiment voyageur en un club-restaurant.","4,7055157","49,3896007",Inexistante
08490_04,Vouziers,Galeries Carnot,Privé,748,500,"Le style Art-Déco du bâtiment indique une construction dans les années 1920, d’autant que la plupart des immeubles de la place (dont la mairie de 1926) datent de la reconstruction suite à la première guerre. La façade de belle facture mérite sa conservation, l’intérieur du bâtiment est majestueux avec ses escaliers centraux dotés de ferronneries ouvragées. Situées en plein cœur de ville, sur la place Carnot, « Les Galeries Carnot » étaient une boutique d’articles divers puis un magasin de vêtements créé en juin 1999 qui a cessé son activité en 2013. En septembre 2014, un projet de réhabilitation en maison médicale a été envisagé.","4,7002581","49,3972267",Inexistante
08490_05,Vouziers,Champ de tir de Chestres,Public (Établissement du Génie),26811,0,"Ancien champ de tir de l’Armée. Ce site est inutilisé depuis une vingtaine d’années. En 2006-2007, il a été envisagé d’y installer une aire d’accueil des gens du voyage mais ce projet a été abandonné. Le terrain, de par son passé, est pollué au plomb. Désormais, la végétation l’occupe. À noter qu’une mince partie de ce site est couverte par la zone Natura 2000 « Prairies de la vallée de l'Aisne ».","4,7278252","49,3977352",Avérée
08491_01,Vrigne-aux-Bois,Usine de quincaillerie Jardinier et Massard fils,Public (Commune de Vrigne-aux-Bois),1286,0,"L’usine Jardinier-Massard, créée fin 19e siècle ou début 20e produisait de la quincaillerie. En 1984, elle déménage dans les locaux de la société Gillet-Rocquigny également à Vrigne-aux-Bois. Electro-Arden, société spécialisée dans le traitement de surface occupe le site jusqu’en 2002. L’usine voisine, JML-Industrie, s’étend entre 2013 et 2015 sur la friche grâce à une rétrocession de terrains faite par la municipalité : démolition des bâtiments de la friche et construction de deux locaux occupant environ la moitié du site. L’autre partie du terrain, désormais nue, en front de rue, appartient à la commune et constitue une dent-creuse dans l’alignement des maisons d’habitation.","4,85618","49,7409286",Ne sait pas
